{"cameraMode":{"drawMode":0,"name":"Shaded","section":"Shading Mode"},"sceneLighting":true,"audioPlay":false,"sceneViewState":{"showFog":true,"showMaterialUpdate":false,"showSkybox":true,"showFlares":true,"showImageEffects":true,"showParticleSystems":true,"showVisualEffectGraphs":true,"m_FxEnabled":true},"in2DMode":false,"pivot":{"x":1.3221219778060914,"y":0.28715306520462038,"z":1.0115363597869874},"rotation":{"x":-0.08269787579774857,"y":0.8835945129394531,"z":-0.17067453265190125,"w":-0.42813143134117129},"size":3.3073947429656984,"orthographic":false}